rider_id,rider_name,signup_date
1,Rider_0001,2025-01-15
2,Rider_0002,2025-01-16
3,Rider_0003,2025-01-17
4,Rider_0004,2025-01-18
5,Rider_0005,2025-01-19
6,Rider_0006,2025-01-20
7,Rider_0007,2025-01-21
8,Rider_0008,2025-01-22
9,Rider_0009,2025-01-23
10,Rider_0010,2025-01-24
11,Rider_0011,2025-01-25
12,Rider_0012,2025-01-26
13,Rider_0013,2025-01-27
14,Rider_0014,2025-01-28
15,Rider_0015,2025-01-29
16,Rider_0016,2025-01-30
17,Rider_0017,2025-01-31
18,Rider_0018,2025-02-01
19,Rider_0019,2025-02-02
20,Rider_0020,2025-02-03
21,Rider_0021,2025-02-04
22,Rider_0022,2025-02-05
23,Rider_0023,2025-02-06
24,Rider_0024,2025-02-07
25,Rider_0025,2025-02-08
26,Rider_0026,2025-02-09
27,Rider_0027,2025-02-10
28,Rider_0028,2025-02-11
29,Rider_0029,2025-02-12
30,Rider_0030,2025-02-13
31,Rider_0031,2025-02-14
32,Rider_0032,2025-02-15
33,Rider_0033,2025-02-16
34,Rider_0034,2025-02-17
35,Rider_0035,2025-02-18
36,Rider_0036,2025-02-19
37,Rider_0037,2025-02-20
38,Rider_0038,2025-02-21
39,Rider_0039,2025-02-22
40,Rider_0040,2025-02-23
41,Rider_0041,2025-02-24
42,Rider_0042,2025-02-25
43,Rider_0043,2025-02-26
44,Rider_0044,2025-02-27
45,Rider_0045,2025-02-28
46,Rider_0046,2025-03-01
47,Rider_0047,2025-03-02
48,Rider_0048,2025-03-03
49,Rider_0049,2025-03-04
50,Rider_0050,2025-03-05
51,Rider_0051,2025-03-06
52,Rider_0052,2025-03-07
53,Rider_0053,2025-03-08
54,Rider_0054,2025-03-09
55,Rider_0055,2025-03-10
56,Rider_0056,2025-03-11
57,Rider_0057,2025-03-12
58,Rider_0058,2025-03-13
59,Rider_0059,2025-03-14
60,Rider_0060,2025-03-15
61,Rider_0061,2025-03-16
62,Rider_0062,2025-03-17
63,Rider_0063,2025-03-18
64,Rider_0064,2025-03-19
65,Rider_0065,2025-03-20
66,Rider_0066,2025-03-21
67,Rider_0067,2025-03-22
68,Rider_0068,2025-03-23
69,Rider_0069,2025-03-24
70,Rider_0070,2025-03-25
71,Rider_0071,2025-03-26
72,Rider_0072,2025-03-27
73,Rider_0073,2025-03-28
74,Rider_0074,2025-03-29
75,Rider_0075,2025-03-30
76,Rider_0076,2025-03-31
77,Rider_0077,2025-04-01
78,Rider_0078,2025-04-02
79,Rider_0079,2025-04-03
80,Rider_0080,2025-04-04
81,Rider_0081,2025-04-05
82,Rider_0082,2025-04-06
83,Rider_0083,2025-04-07
84,Rider_0084,2025-04-08
85,Rider_0085,2025-04-09
86,Rider_0086,2025-04-10
87,Rider_0087,2025-04-11
88,Rider_0088,2025-04-12
89,Rider_0089,2025-04-13
90,Rider_0090,2025-04-14
91,Rider_0091,2025-04-15
92,Rider_0092,2025-04-16
93,Rider_0093,2025-04-17
94,Rider_0094,2025-04-18
95,Rider_0095,2025-04-19
96,Rider_0096,2025-04-20
97,Rider_0097,2025-04-21
98,Rider_0098,2025-04-22
99,Rider_0099,2025-04-23
100,Rider_0100,2025-04-24
101,Rider_0101,2025-04-25
102,Rider_0102,2025-04-26
103,Rider_0103,2025-04-27
104,Rider_0104,2025-04-28
105,Rider_0105,2025-04-29
106,Rider_0106,2025-04-30
107,Rider_0107,2025-05-01
108,Rider_0108,2025-05-02
109,Rider_0109,2025-05-03
110,Rider_0110,2025-05-04
111,Rider_0111,2025-05-05
112,Rider_0112,2025-05-06
113,Rider_0113,2025-05-07
114,Rider_0114,2025-05-08
115,Rider_0115,2025-05-09
116,Rider_0116,2025-05-10
117,Rider_0117,2025-05-11
118,Rider_0118,2025-05-12
119,Rider_0119,2025-05-13
120,Rider_0120,2025-05-14
121,Rider_0121,2025-05-15
122,Rider_0122,2025-05-16
123,Rider_0123,2025-05-17
124,Rider_0124,2025-05-18
125,Rider_0125,2025-05-19
126,Rider_0126,2025-05-20
127,Rider_0127,2025-05-21
128,Rider_0128,2025-05-22
129,Rider_0129,2025-05-23
130,Rider_0130,2025-05-24
131,Rider_0131,2025-05-25
132,Rider_0132,2025-05-26
133,Rider_0133,2025-05-27
134,Rider_0134,2025-05-28
135,Rider_0135,2025-05-29
136,Rider_0136,2025-05-30
137,Rider_0137,2025-05-31
138,Rider_0138,2025-06-01
139,Rider_0139,2025-06-02
140,Rider_0140,2025-06-03
141,Rider_0141,2025-06-04
142,Rider_0142,2025-06-05
143,Rider_0143,2025-06-06
144,Rider_0144,2025-06-07
145,Rider_0145,2025-06-08
146,Rider_0146,2025-06-09
147,Rider_0147,2025-06-10
148,Rider_0148,2025-06-11
149,Rider_0149,2025-06-12
150,Rider_0150,2025-06-13
151,Rider_0151,2025-06-14
152,Rider_0152,2025-06-15
153,Rider_0153,2025-06-16
154,Rider_0154,2025-06-17
155,Rider_0155,2025-06-18
156,Rider_0156,2025-06-19
157,Rider_0157,2025-06-20
158,Rider_0158,2025-06-21
159,Rider_0159,2025-06-22
160,Rider_0160,2025-06-23
161,Rider_0161,2025-06-24
162,Rider_0162,2025-06-25
163,Rider_0163,2025-06-26
164,Rider_0164,2025-06-27
165,Rider_0165,2025-06-28
166,Rider_0166,2025-06-29
167,Rider_0167,2025-06-30
168,Rider_0168,2025-07-01
169,Rider_0169,2025-07-02
170,Rider_0170,2025-07-03
171,Rider_0171,2025-07-04
172,Rider_0172,2025-07-05
173,Rider_0173,2025-07-06
174,Rider_0174,2025-07-07
175,Rider_0175,2025-07-08
176,Rider_0176,2025-07-09
177,Rider_0177,2025-07-10
178,Rider_0178,2025-07-11
179,Rider_0179,2025-07-12
180,Rider_0180,2025-07-13
181,Rider_0181,2025-07-14
182,Rider_0182,2025-07-15
183,Rider_0183,2025-07-16
184,Rider_0184,2025-07-17
185,Rider_0185,2025-07-18
186,Rider_0186,2025-07-19
187,Rider_0187,2025-07-20
188,Rider_0188,2025-07-21
189,Rider_0189,2025-07-22
190,Rider_0190,2025-07-23
191,Rider_0191,2025-07-24
192,Rider_0192,2025-07-25
193,Rider_0193,2025-07-26
194,Rider_0194,2025-07-27
195,Rider_0195,2025-07-28
196,Rider_0196,2025-07-29
197,Rider_0197,2025-07-30
198,Rider_0198,2025-07-31
199,Rider_0199,2025-08-01
200,Rider_0200,2025-08-02
201,Rider_0201,2025-08-03
202,Rider_0202,2025-08-04
203,Rider_0203,2025-08-05
204,Rider_0204,2025-08-06
205,Rider_0205,2025-08-07
206,Rider_0206,2025-08-08
207,Rider_0207,2025-08-09
208,Rider_0208,2025-08-10
209,Rider_0209,2025-08-11
210,Rider_0210,2025-08-12
211,Rider_0211,2025-08-13
212,Rider_0212,2025-08-14
213,Rider_0213,2025-08-15
214,Rider_0214,2025-08-16
215,Rider_0215,2025-08-17
216,Rider_0216,2025-08-18
217,Rider_0217,2025-08-19
218,Rider_0218,2025-08-20
219,Rider_0219,2025-08-21
220,Rider_0220,2025-08-22
221,Rider_0221,2025-08-23
222,Rider_0222,2025-08-24
223,Rider_0223,2025-08-25
224,Rider_0224,2025-08-26
225,Rider_0225,2025-08-27
226,Rider_0226,2025-08-28
227,Rider_0227,2025-08-29
228,Rider_0228,2025-08-30
229,Rider_0229,2025-08-31
230,Rider_0230,2025-09-01
231,Rider_0231,2025-09-02
232,Rider_0232,2025-09-03
233,Rider_0233,2025-09-04
234,Rider_0234,2025-09-05
235,Rider_0235,2025-09-06
236,Rider_0236,2025-09-07
237,Rider_0237,2025-09-08
238,Rider_0238,2025-09-09
239,Rider_0239,2025-09-10
240,Rider_0240,2025-09-11
241,Rider_0241,2025-09-12
242,Rider_0242,2025-09-13
243,Rider_0243,2025-09-14
244,Rider_0244,2025-09-15
245,Rider_0245,2025-09-16
246,Rider_0246,2025-09-17
247,Rider_0247,2025-09-18
248,Rider_0248,2025-09-19
249,Rider_0249,2025-09-20
250,Rider_0250,2025-09-21
251,Rider_0251,2025-09-22
252,Rider_0252,2025-09-23
253,Rider_0253,2025-09-24
254,Rider_0254,2025-09-25
255,Rider_0255,2025-09-26
256,Rider_0256,2025-09-27
257,Rider_0257,2025-09-28
258,Rider_0258,2025-09-29
259,Rider_0259,2025-09-30
260,Rider_0260,2025-10-01
261,Rider_0261,2025-10-02
262,Rider_0262,2025-10-03
263,Rider_0263,2025-10-04
264,Rider_0264,2025-10-05
265,Rider_0265,2025-10-06
266,Rider_0266,2025-10-07
267,Rider_0267,2025-10-08
268,Rider_0268,2025-10-09
269,Rider_0269,2025-10-10
270,Rider_0270,2025-10-11
271,Rider_0271,2025-10-12
272,Rider_0272,2025-10-13
273,Rider_0273,2025-10-14
274,Rider_0274,2025-10-15
275,Rider_0275,2025-10-16
276,Rider_0276,2025-10-17
277,Rider_0277,2025-10-18
278,Rider_0278,2025-10-19
279,Rider_0279,2025-10-20
280,Rider_0280,2025-10-21
281,Rider_0281,2025-10-22
282,Rider_0282,2025-10-23
283,Rider_0283,2025-10-24
284,Rider_0284,2025-10-25
285,Rider_0285,2025-10-26
286,Rider_0286,2025-10-27
287,Rider_0287,2025-10-28
288,Rider_0288,2025-10-29
289,Rider_0289,2025-10-30
290,Rider_0290,2025-10-31
291,Rider_0291,2025-11-01
292,Rider_0292,2025-11-02
293,Rider_0293,2025-11-03
294,Rider_0294,2025-11-04
295,Rider_0295,2025-11-05
296,Rider_0296,2025-11-06
297,Rider_0297,2025-11-07
298,Rider_0298,2025-11-08
299,Rider_0299,2025-11-09
300,Rider_0300,2025-11-10
